"Name","Coaches"
"Leonardo Alonso","Leonardo Mayer"
"Dante Bottini","Kei Nishikori"
"José Manuel ""Pepo"" Clavet","Feliciano Lopez"
"Franco Davin","Grigor Dimitrov"
"Jan De Witt","Gilles Simon"
"Jamie Delgado","Andy Murray"
"Stephan Fehske","Philipp Kohlschreiber"
"Frederic Fontang","Vasek Pospisil"
"Neville Godwin","Kevin Anderson"
"Samuel Lopez","Nicolas Almagro"
"Miles Maclagan","Borna Coric"
"Alberto Mancini","Pablo Cuevas"
"Felix Mantilla","Alexandr Dolgopolov"
"Frederico Marques","Joao Sousa"
"Toni Nadal","Rafael Nadal"
"Joakim Nystrom","Dominic Thiem"
"Jose Perlas","Fabio Fognini"
"Petar Popovic","Ivo Karlovic"
"Gustavo Tavernini","Federico Delbonis"
"Daniel Vallverdu","Tomas Berdych"
"Boris Becker","Novak Djokovic"
"Severin Luthi","Roger Federer"
"Magnus Norman","Stanislas Wawrinka"
"Thierry Ascione","Jo-Wilfried Tsonga"
"Francisco Fogues","David Ferrer"
"Segi Bruguera","Richard Gasquet"
"Riccardo Piatti","Milos Raonic"
"Goran Ivanisevic","Marin Cilic"
"Thierry Van Cleemput","David Goffin"
"Mikael Tillstrom","Gael Monfils"
"Justin Gimelstob","John Isner"
"Pepe Vendrell","Roberto Bautista Agut"
"Lleyton Hewitt","Nick Kyrgios"
"Lionel Zimbler","Benoit Paire"
"John Tomic","Bernard Tomic"
"Jack Reader","Viktor Troicki"
"Troy Hahn","Jack Sock"
"Craig Boynton","Steve Johnson"
"Magnus Tideman","Jeremy Chardy"
"Joao Zwestch","Thomaz Bellucci"
"Craig Boynton","Sam Querrey"
"Dejan Vojnovic","Marcos Baghdatis"
"Alexander Kuznetsov","Andrey Kuznetsov"
"Massimo Sartori","Andreas Seppi"
"Alexandre Lisiecki","Gilles Muller"
"Gustavo Marcaccio","Guido Pella"
"Martin Hromec","Martin Klizan"
"Thierry Ascione","Nicolas Mahut"
"Alexander Zverev Sr.","Alexander Zverev"
"Samuel Lopez","Pablo Carreno Busta"
